100,worker
101,worker
102,firefighter
103,developer
104,developer
105,firefighter
106,worker
107,worker
108,doctor
109,doctor
110,doctor
111,doctor
112,developer
113,firefighter
114,police officer
115,worker
116,police officer
117,doctor
118,doctor
119,worker
120,firefighter
121,firefighter
122,doctor
123,firefighter
124,firefighter
125,firefighter
126,firefighter
127,police officer
128,worker
129,doctor
130,developer
131,doctor
132,worker
133,police officer
134,police officer
135,developer
136,worker
137,developer
138,doctor
139,police officer
140,worker
141,doctor
142,developer
143,doctor
144,worker
145,doctor
146,developer
147,worker
148,worker
149,worker
150,worker
151,developer
152,police officer
153,police officer
154,firefighter
155,firefighter
156,doctor
157,firefighter
158,doctor
159,doctor
160,developer
161,police officer
162,doctor
163,firefighter
164,firefighter
165,police officer
166,police officer
167,worker
168,doctor
169,worker
170,police officer
171,worker
172,doctor
173,worker
174,doctor
175,doctor
176,firefighter
177,police officer
178,doctor
179,developer
180,developer
181,firefighter
182,worker
183,firefighter
184,developer
185,worker
186,doctor
187,worker
188,firefighter
189,police officer
190,police officer
191,developer
192,doctor
193,developer
194,police officer
195,doctor
196,police officer
197,worker
198,developer
199,doctor
200,developer
201,worker
202,doctor
203,worker
204,police officer
205,worker
206,firefighter
207,worker
208,worker
209,firefighter
210,doctor
211,worker
212,police officer
213,developer
214,worker
215,firefighter
216,firefighter
217,worker
218,firefighter
219,developer
220,worker
221,developer
222,doctor
223,developer
224,worker
225,developer
226,developer
227,doctor
228,worker
229,police officer
230,police officer
231,worker
232,developer
233,police officer
234,police officer
235,worker
236,police officer
237,firefighter
238,worker
239,police officer
240,police officer
241,developer
242,developer
243,police officer
244,doctor
245,firefighter
246,worker
247,doctor
248,police officer
249,worker
250,police officer
251,developer
252,developer
253,developer
254,worker
255,worker
256,developer
257,firefighter
258,worker
259,developer
260,firefighter
261,developer
262,doctor
263,doctor
264,doctor
265,police officer
266,developer
267,firefighter
268,doctor
269,firefighter
270,police officer
271,worker
272,firefighter
273,doctor
274,worker
275,developer
276,doctor
277,developer
278,doctor
279,police officer
280,police officer
281,doctor
282,developer
283,doctor
284,doctor
285,worker
286,doctor
287,doctor
288,worker
289,firefighter
290,police officer
291,police officer
292,firefighter
293,firefighter
294,worker
295,firefighter
296,worker
297,doctor
298,firefighter
299,doctor
300,developer
301,developer
302,doctor
303,doctor
304,doctor
305,developer
306,doctor
307,developer
308,worker
309,police officer
310,police officer
311,developer
312,developer
313,doctor
314,worker
315,worker
316,developer
317,developer
318,police officer
319,worker
320,doctor
321,doctor
322,doctor
323,police officer
324,police officer
325,police officer
326,doctor
327,developer
328,doctor
329,doctor
330,worker
331,firefighter
332,firefighter
333,worker
334,doctor
335,firefighter
336,worker
337,firefighter
338,worker
339,developer
340,police officer
341,doctor
342,worker
343,firefighter
344,worker
345,doctor
346,firefighter
347,firefighter
348,worker
349,police officer
350,firefighter
351,developer
352,worker
353,developer
354,firefighter
355,developer
356,firefighter
357,doctor
358,police officer
359,developer
360,firefighter
361,doctor
362,developer
363,worker
364,developer
365,firefighter
366,worker
367,police officer
368,firefighter
369,police officer
370,police officer
371,developer
372,firefighter
373,police officer
374,firefighter
375,firefighter
376,doctor
377,developer
378,firefighter
379,doctor
380,firefighter
381,doctor
382,police officer
383,police officer
384,worker
385,doctor
386,firefighter
387,police officer
388,firefighter
389,doctor
390,doctor
391,police officer
392,police officer
393,developer
394,worker
395,firefighter
396,worker
397,developer
398,police officer
399,police officer
400,doctor
401,police officer
402,doctor
403,firefighter
404,police officer
405,police officer
406,developer
407,police officer
408,developer
409,doctor
410,developer
411,developer
412,firefighter
413,police officer
414,firefighter
415,worker
416,doctor
417,firefighter
418,police officer
419,worker
420,police officer
421,developer
422,firefighter
423,developer
424,developer
425,developer
426,firefighter
427,doctor
428,firefighter
429,firefighter
430,worker
431,doctor
432,firefighter
433,firefighter
434,firefighter
435,police officer
436,worker
437,doctor
438,police officer
439,police officer
440,police officer
441,doctor
442,firefighter
443,police officer
444,developer
445,doctor
446,firefighter
447,developer
448,firefighter
449,doctor
450,firefighter
451,worker
452,firefighter
453,worker
454,police officer
455,developer
456,doctor
457,worker
458,police officer
459,developer
460,worker
461,doctor
462,police officer
463,developer
464,police officer
465,firefighter
466,police officer
467,firefighter
468,firefighter
469,developer
470,police officer
471,worker
472,developer
473,worker
474,worker
475,firefighter
476,doctor
477,firefighter
478,doctor
479,firefighter
480,worker
481,firefighter
482,police officer
483,developer
484,firefighter
485,doctor
486,developer
487,developer
488,doctor
489,worker
490,worker
491,doctor
492,police officer
493,worker
494,firefighter
495,worker
496,police officer
497,police officer
498,police officer
499,developer
500,worker
501,doctor
502,developer
503,police officer
504,developer
505,firefighter
506,developer
507,developer
508,police officer
509,developer
510,firefighter
511,worker
512,worker
513,police officer
514,firefighter
515,firefighter
516,police officer
517,doctor
518,worker
519,police officer
520,worker
521,police officer
522,doctor
523,worker
524,doctor
525,doctor
526,police officer
527,firefighter
528,doctor
529,worker
530,doctor
531,developer
532,police officer
533,doctor
534,worker
535,firefighter
536,police officer
537,doctor
538,worker
539,worker
540,police officer
541,police officer
542,developer
543,doctor
544,police officer
545,developer
546,developer
547,doctor
548,firefighter
549,firefighter
550,developer
551,firefighter
552,firefighter
553,developer
554,worker
555,police officer
556,developer
557,developer
558,developer
559,developer
560,police officer
561,firefighter
562,doctor
563,firefighter
564,firefighter
565,firefighter
566,developer
567,developer
568,developer
569,developer
570,developer
571,police officer
572,firefighter
573,doctor
574,firefighter
575,developer
576,doctor
577,firefighter
578,developer
579,doctor
580,police officer
581,doctor
582,worker
583,doctor
584,doctor
585,doctor
586,developer
587,police officer
588,firefighter
589,police officer
590,doctor
591,developer
592,firefighter
593,firefighter
594,worker
595,police officer
596,police officer
597,police officer
598,developer
599,doctor
600,doctor
601,developer
602,police officer
603,developer
604,worker
605,police officer
606,police officer
607,doctor
608,doctor
609,worker
610,firefighter
611,worker
612,firefighter
613,developer
614,worker
615,police officer
616,worker
617,police officer
618,firefighter
619,firefighter
620,worker
621,doctor
622,doctor
623,developer
624,developer
625,police officer
626,doctor
627,doctor
628,firefighter
629,police officer
630,firefighter
631,worker
632,police officer
633,developer
634,doctor
635,developer
636,developer
637,police officer
638,developer
639,developer
640,police officer
641,firefighter
642,police officer
643,doctor
644,doctor
645,doctor
646,firefighter
647,police officer
648,doctor
649,developer
650,worker
651,worker
652,police officer
653,police officer
654,police officer
655,developer
656,firefighter
657,doctor
658,developer
659,firefighter
660,doctor
661,developer
662,firefighter
663,police officer
664,firefighter
665,firefighter
666,firefighter
667,doctor
668,worker
669,developer
670,firefighter
671,developer
672,doctor
673,developer
674,developer
675,developer
676,police officer
677,police officer
678,developer
679,worker
680,worker
681,police officer
682,worker
683,firefighter
684,firefighter
685,firefighter
686,doctor
687,doctor
688,firefighter
689,police officer
690,worker
691,worker
692,worker
693,firefighter
694,developer
695,doctor
696,doctor
697,worker
698,police officer
699,developer
700,worker
701,worker
702,worker
703,police officer
704,worker
705,police officer
706,doctor
707,doctor
708,worker
709,worker
710,police officer
711,worker
712,developer
713,firefighter
714,developer
715,developer
716,firefighter
717,developer
718,worker
719,worker
720,police officer
721,police officer
722,developer
723,firefighter
724,developer
725,police officer
726,police officer
727,firefighter
728,worker
729,developer
730,doctor
731,doctor
732,developer
733,developer
734,developer
735,police officer
736,developer
737,doctor
738,police officer
739,developer
740,police officer
741,firefighter
742,developer
743,firefighter
744,worker
745,police officer
746,worker
747,worker
748,police officer
749,doctor
750,worker
751,worker
752,doctor
753,firefighter
754,developer
755,police officer
756,worker
757,doctor
758,worker
759,police officer
760,doctor
761,developer
762,police officer
763,developer
764,worker
765,police officer
766,firefighter
767,firefighter
768,doctor
769,firefighter
770,firefighter
771,firefighter
772,doctor
773,developer
774,worker
775,police officer
776,doctor
777,police officer
778,doctor
779,developer
780,police officer
781,doctor
782,worker
783,doctor
784,firefighter
785,police officer
786,worker
787,police officer
788,worker
789,developer
790,firefighter
791,firefighter
792,doctor
793,firefighter
794,firefighter
795,worker
796,developer
797,firefighter
798,doctor
799,developer
800,firefighter
801,doctor
802,doctor
803,developer
804,developer
805,police officer
806,developer
807,police officer
808,police officer
809,doctor
810,firefighter
811,developer
812,police officer
813,doctor
814,doctor
815,firefighter
816,police officer
817,police officer
818,developer
819,firefighter
820,worker
821,developer
822,worker
823,police officer
824,police officer
825,firefighter
826,police officer
827,police officer
828,developer
829,worker
830,firefighter
831,developer
832,police officer
833,doctor
834,firefighter
835,developer
836,firefighter
837,police officer
838,police officer
839,developer
840,police officer
841,worker
842,firefighter
843,police officer
844,developer
845,firefighter
846,doctor
847,doctor
848,doctor
849,doctor
850,worker
851,firefighter
852,worker
853,worker
854,doctor
855,firefighter
856,developer
857,doctor
858,police officer
859,firefighter
860,police officer
861,firefighter
862,police officer
863,firefighter
864,firefighter
865,doctor
866,firefighter
867,developer
868,police officer
869,police officer
870,developer
871,police officer
872,firefighter
873,worker
874,developer
875,worker
876,developer
877,worker
878,doctor
879,worker
880,developer
881,developer
882,police officer
883,worker
884,doctor
885,firefighter
886,worker
887,police officer
888,doctor
889,worker
890,police officer
891,worker
892,doctor
893,worker
894,firefighter
895,police officer
896,worker
897,doctor
898,doctor
899,worker
900,police officer
901,firefighter
902,worker
903,police officer
904,police officer
905,doctor
906,developer
907,worker
908,police officer
909,police officer
910,developer
911,firefighter
912,police officer
913,police officer
914,police officer
915,police officer
916,doctor
917,worker
918,developer
919,worker
920,firefighter
921,developer
922,firefighter
923,doctor
924,developer
925,developer
926,doctor
927,firefighter
928,firefighter
929,worker
930,police officer
931,police officer
932,police officer
933,worker
934,doctor
935,doctor
936,police officer
937,developer
938,worker
939,developer
940,worker
941,worker
942,firefighter
943,doctor
944,doctor
945,worker
946,firefighter
947,doctor
948,police officer
949,worker
950,doctor
951,worker
952,worker
953,developer
954,worker
955,firefighter
956,firefighter
957,worker
958,developer
959,doctor
960,police officer
961,worker
962,firefighter
963,firefighter
964,worker
965,worker
966,worker
967,developer
968,developer
969,worker
970,police officer
971,doctor
972,doctor
973,firefighter
974,developer
975,police officer
976,developer
977,doctor
978,firefighter
979,doctor
980,developer
981,police officer
982,firefighter
983,developer
984,police officer
985,firefighter
986,police officer
987,doctor
988,police officer
989,firefighter
990,police officer
991,worker
992,developer
993,developer
994,police officer
995,police officer
996,police officer
997,police officer
998,doctor
999,worker
1000,worker
1001,police officer
1002,worker
1003,doctor
1004,doctor
1005,doctor
1006,developer
1007,doctor
1008,worker
1009,firefighter
1010,doctor
1011,worker
1012,police officer
1013,developer
1014,worker
1015,police officer
1016,police officer
1017,police officer
1018,developer
1019,firefighter
1020,firefighter
1021,firefighter
1022,firefighter
1023,worker
1024,firefighter
1025,doctor
1026,worker
1027,developer
1028,doctor
1029,doctor
1030,doctor
1031,firefighter
1032,doctor
1033,developer
1034,police officer
1035,developer
1036,developer
1037,doctor
1038,developer
1039,police officer
1040,doctor
1041,police officer
1042,worker
1043,doctor
1044,firefighter
1045,police officer
1046,police officer
1047,worker
1048,worker
1049,doctor
1050,worker
1051,worker
1052,worker
1053,doctor
1054,firefighter
1055,firefighter
1056,worker
1057,developer
1058,firefighter
1059,police officer
1060,worker
1061,worker
1062,developer
1063,police officer
1064,worker
1065,developer
1066,police officer
1067,doctor
1068,police officer
1069,developer
1070,worker
1071,firefighter
1072,doctor
1073,firefighter
1074,police officer
1075,developer
1076,developer
1077,police officer
1078,police officer
1079,worker
1080,developer
1081,worker
1082,firefighter
1083,police officer
1084,police officer
1085,doctor
1086,firefighter
1087,police officer
1088,firefighter
1089,worker
1090,police officer
1091,developer
1092,doctor
1093,doctor
1094,firefighter
1095,police officer
1096,police officer
1097,firefighter
1098,doctor
1099,developer
